Group,Model,Mean_F1,Mean_Recall,Mean_Precision,Mean_Accuracy
SMALL,6_41FT_Enhanced_NoContext_Small,0.8708529014219922,0.8832098687618597,0.8651292849609094,0.9454163383241396
SMALL,5_41_Enhanced_NoContext_Small,0.8530798993641727,0.8454337879170604,0.8651163996743949,0.9371158392434987
SMALL,7_51_Enhanced_NoContext_Small,0.8366592008263265,0.796158205061055,0.8864342298488073,0.9333333333333333
